hold_id,participant,joint,view,reference_method,reference_deg,software_deg,valid_frames,total_frames,valid_fraction,iqr_deg,drift_deg,rejection_reason,recorded_utc,coordinate_frame,min_cutoff,beta,d_cutoff,width,height
SIM-001,SIM_SEED_20261003,L_Elbow_Flex,left-side,synthetic: independent forward kinematics; no physical goniometer,0,1.1926271055442896,116,120,0.9666666666666667,1.6176024334290773,1.000944920839629,,2026-10-03T14:21:55.226088+00:00,body,1.0,5.0,1.0,640,480
SIM-002,SIM_SEED_20261003,L_Elbow_Flex,left-side,synthetic: independent forward kinematics; no physical goniometer,0,0.8918392269598456,116,120,0.9666666666666667,0.8305192309883722,0.2309757124880889,,2026-10-03T14:21:55.226088+00:00,body,1.0,5.0,1.0,640,480
SIM-003,SIM_SEED_20261003,L_Elbow_Flex,left-side,synthetic: independent forward kinematics; no physical goniometer,0,0.7568130318784654,116,120,0.9666666666666667,0.6473801678278761,0.36771887827903527,,2026-10-03T14:21:55.226088+00:00,body,1.0,5.0,1.0,640,480
SIM-004,SIM_SEED_20261003,R_Elbow_Flex,left-side,synthetic: independent forward kinematics; no physical goniometer,0,1.4847963819215408,116,120,0.9666666666666667,1.0747404307389559,0.48543722335716666,,2026-10-03T14:21:55.226088+00:00,body,1.0,5.0,1.0,640,480
SIM-005,SIM_SEED_20261003,R_Elbow_Flex,left-side,synthetic: independent forward kinematics; no physical goniometer,0,1.0377540116000006,116,120,0.9666666666666667,1.1103878761434487,0.19039866193686805,,2026-10-03T14:21:55.226088+00:00,body,1.0,5.0,1.0,640,480
SIM-006,SIM_SEED_20261003,R_Elbow_Flex,left-side,synthetic: independent forward kinematics; no physical goniometer,0,1.4921798587936905,116,120,0.9666666666666667,1.2394821263145843,0.6332483167947203,,2026-10-03T14:21:55.226088+00:00,body,1.0,5.0,1.0,640,480
SIM-007,SIM_SEED_20261003,L_Elbow_Flex,left-side,synthetic: independent forward kinematics; no physical goniometer,90,90.2192217395486,116,120,0.9666666666666667,0.6057855171280124,0.5816179808220312,,2026-10-03T14:21:55.226088+00:00,body,1.0,5.0,1.0,640,480
SIM-008,SIM_SEED_20261003,L_Elbow_Flex,left-side,synthetic: independent forward kinematics; no physical goniometer,90,89.80619606206217,116,120,0.9666666666666667,0.3117265938163314,0.015147723593685214,,2026-10-03T14:21:55.226088+00:00,body,1.0,5.0,1.0,640,480
SIM-009,SIM_SEED_20261003,L_Elbow_Flex,left-side,synthetic: independent forward kinematics; no physical goniometer,90,89.96480052377535,116,120,0.9666666666666667,0.3607443135469879,0.2138591109641368,,2026-10-03T14:21:55.226088+00:00,body,1.0,5.0,1.0,640,480
SIM-010,SIM_SEED_20261003,R_Elbow_Flex,left-side,synthetic: independent forward kinematics; no physical goniometer,90,89.8613365533498,116,120,0.9666666666666667,0.3695038167949747,0.2243734335391423,,2026-10-03T14:21:55.226088+00:00,body,1.0,5.0,1.0,640,480
SIM-011,SIM_SEED_20261003,R_Elbow_Flex,left-side,synthetic: independent forward kinematics; no physical goniometer,90,89.99443939084165,116,120,0.9666666666666667,0.3496363040391941,0.04681668637417147,,2026-10-03T14:21:55.226088+00:00,body,1.0,5.0,1.0,640,480
SIM-012,SIM_SEED_20261003,R_Elbow_Flex,left-side,synthetic: independent forward kinematics; no physical goniometer,90,90.07723807259876,116,120,0.9666666666666667,0.4668516153373048,0.1707682428921089,,2026-10-03T14:21:55.226088+00:00,body,1.0,5.0,1.0,640,480
SIM-013,SIM_SEED_20261003,L_Elbow_Flex,left-side,synthetic: independent forward kinematics; no physical goniometer,135,135.05325970406145,116,120,0.9666666666666667,0.23213245185513642,0.11315123913345815,,2026-10-03T14:21:55.226088+00:00,body,1.0,5.0,1.0,640,480
SIM-014,SIM_SEED_20261003,L_Elbow_Flex,left-side,synthetic: independent forward kinematics; no physical goniometer,135,135.099592037957,116,120,0.9666666666666667,0.251851666427541,0.010911456517220586,,2026-10-03T14:21:55.226088+00:00,body,1.0,5.0,1.0,640,480
SIM-015,SIM_SEED_20261003,L_Elbow_Flex,left-side,synthetic: independent forward kinematics; no physical goniometer,135,135.07779755092287,116,120,0.9666666666666667,0.3054458620062235,0.027573699037077404,,2026-10-03T14:21:55.226088+00:00,body,1.0,5.0,1.0,640,480
SIM-016,SIM_SEED_20261003,R_Elbow_Flex,left-side,synthetic: independent forward kinematics; no physical goniometer,135,134.9962464913367,116,120,0.9666666666666667,0.35662681849049704,0.3373901352288726,,2026-10-03T14:21:55.226088+00:00,body,1.0,5.0,1.0,640,480
SIM-017,SIM_SEED_20261003,R_Elbow_Flex,left-side,synthetic: independent forward kinematics; no physical goniometer,135,135.03380055688868,116,120,0.9666666666666667,0.46924181921036734,0.3393402343718037,,2026-10-03T14:21:55.226088+00:00,body,1.0,5.0,1.0,640,480
SIM-018,SIM_SEED_20261003,R_Elbow_Flex,left-side,synthetic: independent forward kinematics; no physical goniometer,135,135.01333965889404,116,120,0.9666666666666667,0.32570817411425423,0.25792709945596926,,2026-10-03T14:21:55.226088+00:00,body,1.0,5.0,1.0,640,480
SIM-019,SIM_SEED_20261003,L_Knee_Flex,left-side,synthetic: independent forward kinematics; no physical goniometer,0,0.7137177945029833,116,120,0.9666666666666667,0.5857898784092939,0.17841124811583597,,2026-10-03T14:21:55.226088+00:00,body,1.0,5.0,1.0,640,480
SIM-020,SIM_SEED_20261003,L_Knee_Flex,left-side,synthetic: independent forward kinematics; no physical goniometer,0,0.672621520755456,116,120,0.9666666666666667,0.7636041379555607,0.03701885607618749,,2026-10-03T14:21:55.226088+00:00,body,1.0,5.0,1.0,640,480
SIM-021,SIM_SEED_20261003,L_Knee_Flex,left-side,synthetic: independent forward kinematics; no physical goniometer,0,0.9233873230103029,116,120,0.9666666666666667,0.9066286868275881,0.12508293091372025,,2026-10-03T14:21:55.226088+00:00,body,1.0,5.0,1.0,640,480
SIM-022,SIM_SEED_20261003,R_Knee_Flex,left-side,synthetic: independent forward kinematics; no physical goniometer,0,0.7230734864201764,116,120,0.9666666666666667,0.7263980183574503,0.13812523644601526,,2026-10-03T14:21:55.226088+00:00,body,1.0,5.0,1.0,640,480
SIM-023,SIM_SEED_20261003,R_Knee_Flex,left-side,synthetic: independent forward kinematics; no physical goniometer,0,0.7998695632950756,116,120,0.9666666666666667,0.8489477896643507,0.44116654091800456,,2026-10-03T14:21:55.226088+00:00,body,1.0,5.0,1.0,640,480
SIM-024,SIM_SEED_20261003,R_Knee_Flex,left-side,synthetic: independent forward kinematics; no physical goniometer,0,0.5673341739824878,116,120,0.9666666666666667,0.5224575259124222,0.14685153495224768,,2026-10-03T14:21:55.226088+00:00,body,1.0,5.0,1.0,640,480
SIM-025,SIM_SEED_20261003,L_Knee_Flex,left-side,synthetic: independent forward kinematics; no physical goniometer,90,89.96383661976367,116,120,0.9666666666666667,0.24133786607345087,0.15286352132429215,,2026-10-03T14:21:55.226088+00:00,body,1.0,5.0,1.0,640,480
SIM-026,SIM_SEED_20261003,L_Knee_Flex,left-side,synthetic: independent forward kinematics; no physical goniometer,90,89.80716087339495,116,120,0.9666666666666667,0.19455243406369505,0.10920474831488036,,2026-10-03T14:21:55.226088+00:00,body,1.0,5.0,1.0,640,480
SIM-027,SIM_SEED_20261003,L_Knee_Flex,left-side,synthetic: independent forward kinematics; no physical goniometer,90,89.92281503804193,116,120,0.9666666666666667,0.2085343470431411,0.008952455867046183,,2026-10-03T14:21:55.226088+00:00,body,1.0,5.0,1.0,640,480
SIM-028,SIM_SEED_20261003,R_Knee_Flex,left-side,synthetic: independent forward kinematics; no physical goniometer,90,90.00793944125391,116,120,0.9666666666666667,0.20021451093333553,0.17537675636845051,,2026-10-03T14:21:55.226088+00:00,body,1.0,5.0,1.0,640,480
SIM-029,SIM_SEED_20261003,R_Knee_Flex,left-side,synthetic: independent forward kinematics; no physical goniometer,90,90.10055317509041,116,120,0.9666666666666667,0.19335441526551733,0.06627470559301685,,2026-10-03T14:21:55.226088+00:00,body,1.0,5.0,1.0,640,480
SIM-030,SIM_SEED_20261003,R_Knee_Flex,left-side,synthetic: independent forward kinematics; no physical goniometer,90,89.89498176558845,116,120,0.9666666666666667,0.17387160773432697,0.07435286002491637,,2026-10-03T14:21:55.226088+00:00,body,1.0,5.0,1.0,640,480
SIM-031,SIM_SEED_20261003,L_Shoulder_Flex,front,synthetic: independent forward kinematics; no physical goniometer,45,45.00814668347864,116,120,0.9666666666666667,1.04783192910363,0.8561402481078915,,2026-10-03T14:21:55.226088+00:00,body,1.0,5.0,1.0,640,480
SIM-032,SIM_SEED_20261003,L_Shoulder_Flex,front,synthetic: independent forward kinematics; no physical goniometer,45,45.04491383024047,116,120,0.9666666666666667,0.8161470156576414,0.13166190255659416,,2026-10-03T14:21:55.226088+00:00,body,1.0,5.0,1.0,640,480
SIM-033,SIM_SEED_20261003,L_Shoulder_Flex,front,synthetic: independent forward kinematics; no physical goniometer,45,45.02550866801922,116,120,0.9666666666666667,0.5001548108642808,0.07043074522363213,,2026-10-03T14:21:55.226088+00:00,body,1.0,5.0,1.0,640,480
SIM-034,SIM_SEED_20261003,L_Shoulder_Flex,oblique,synthetic: independent forward kinematics; no physical goniometer,45,45.14930686928551,116,120,0.9666666666666667,0.9035248616397524,0.5980970066136067,,2026-10-03T14:21:55.226088+00:00,body,1.0,5.0,1.0,640,480
SIM-035,SIM_SEED_20261003,L_Shoulder_Flex,oblique,synthetic: independent forward kinematics; no physical goniometer,45,45.077010617958386,116,120,0.9666666666666667,0.4542107261767043,0.3271528519861633,,2026-10-03T14:21:55.226088+00:00,body,1.0,5.0,1.0,640,480
SIM-036,SIM_SEED_20261003,L_Shoulder_Flex,oblique,synthetic: independent forward kinematics; no physical goniometer,45,45.203838849083226,116,120,0.9666666666666667,0.4322334173407967,0.15997303519718287,,2026-10-03T14:21:55.226088+00:00,body,1.0,5.0,1.0,640,480
SIM-037,SIM_SEED_20261003,R_Shoulder_Flex,front,synthetic: independent forward kinematics; no physical goniometer,45,44.93376692263961,116,120,0.9666666666666667,0.5263187602714652,0.17422276989012175,,2026-10-03T14:21:55.226088+00:00,body,1.0,5.0,1.0,640,480
SIM-038,SIM_SEED_20261003,R_Shoulder_Flex,front,synthetic: independent forward kinematics; no physical goniometer,45,44.86802285231319,116,120,0.9666666666666667,0.734998771720683,0.22349737800740144,,2026-10-03T14:21:55.226088+00:00,body,1.0,5.0,1.0,640,480
SIM-039,SIM_SEED_20261003,R_Shoulder_Flex,front,synthetic: independent forward kinematics; no physical goniometer,45,45.10737506796231,116,120,0.9666666666666667,0.4723267310742827,0.12956625278999923,,2026-10-03T14:21:55.226088+00:00,body,1.0,5.0,1.0,640,480
SIM-040,SIM_SEED_20261003,R_Shoulder_Flex,oblique,synthetic: independent forward kinematics; no physical goniometer,45,44.939483233645106,116,120,0.9666666666666667,0.45437394906953443,0.027287767468536117,,2026-10-03T14:21:55.226088+00:00,body,1.0,5.0,1.0,640,480
SIM-041,SIM_SEED_20261003,R_Shoulder_Flex,oblique,synthetic: independent forward kinematics; no physical goniometer,45,44.90530300257511,116,120,0.9666666666666667,0.55923651996644,0.0217874777850966,,2026-10-03T14:21:55.226088+00:00,body,1.0,5.0,1.0,640,480
SIM-042,SIM_SEED_20261003,R_Shoulder_Flex,oblique,synthetic: independent forward kinematics; no physical goniometer,45,44.942864961970756,116,120,0.9666666666666667,0.5465036275220285,0.32363206546104095,,2026-10-03T14:21:55.226088+00:00,body,1.0,5.0,1.0,640,480
SIM-043,SIM_SEED_20261003,L_Shoulder_Flex,front,synthetic: independent forward kinematics; no physical goniometer,90,89.98417487965224,116,120,0.9666666666666667,0.5709070518755368,0.17816413278168852,,2026-10-03T14:21:55.226088+00:00,body,1.0,5.0,1.0,640,480
SIM-044,SIM_SEED_20261003,L_Shoulder_Flex,front,synthetic: independent forward kinematics; no physical goniometer,90,90.02574073140826,116,120,0.9666666666666667,0.5661348740913752,0.01940879454429023,,2026-10-03T14:21:55.226088+00:00,body,1.0,5.0,1.0,640,480
SIM-045,SIM_SEED_20261003,L_Shoulder_Flex,front,synthetic: independent forward kinematics; no physical goniometer,90,89.71576269967292,116,120,0.9666666666666667,0.46064191368394347,0.02192267833837036,,2026-10-03T14:21:55.226088+00:00,body,1.0,5.0,1.0,640,480
SIM-046,SIM_SEED_20261003,L_Shoulder_Flex,oblique,synthetic: independent forward kinematics; no physical goniometer,90,90.15753701143032,116,120,0.9666666666666667,0.48900158786757686,0.49423263301858356,,2026-10-03T14:21:55.226088+00:00,body,1.0,5.0,1.0,640,480
SIM-047,SIM_SEED_20261003,L_Shoulder_Flex,oblique,synthetic: independent forward kinematics; no physical goniometer,90,90.03055097503685,116,120,0.9666666666666667,0.46805828580006903,0.24267624798254417,,2026-10-03T14:21:55.226088+00:00,body,1.0,5.0,1.0,640,480
SIM-048,SIM_SEED_20261003,L_Shoulder_Flex,oblique,synthetic: independent forward kinematics; no physical goniometer,90,90.08182752694472,116,120,0.9666666666666667,0.4270727323426087,0.12632340074648596,,2026-10-03T14:21:55.226088+00:00,body,1.0,5.0,1.0,640,480
SIM-049,SIM_SEED_20261003,R_Shoulder_Flex,front,synthetic: independent forward kinematics; no physical goniometer,90,89.7120519601399,116,120,0.9666666666666667,1.0779430460787154,0.6073122803368847,,2026-10-03T14:21:55.226088+00:00,body,1.0,5.0,1.0,640,480
SIM-050,SIM_SEED_20261003,R_Shoulder_Flex,front,synthetic: independent forward kinematics; no physical goniometer,90,89.84269539195665,116,120,0.9666666666666667,0.6330674745590557,0.14796076422538817,,2026-10-03T14:21:55.226088+00:00,body,1.0,5.0,1.0,640,480
SIM-051,SIM_SEED_20261003,R_Shoulder_Flex,front,synthetic: independent forward kinematics; no physical goniometer,90,89.71876442488852,116,120,0.9666666666666667,0.49690106357830643,0.06569174134766342,,2026-10-03T14:21:55.226088+00:00,body,1.0,5.0,1.0,640,480
SIM-052,SIM_SEED_20261003,R_Shoulder_Flex,oblique,synthetic: independent forward kinematics; no physical goniometer,90,90.0393465837081,116,120,0.9666666666666667,0.4244831452093223,0.22739125804596938,,2026-10-03T14:21:55.226088+00:00,body,1.0,5.0,1.0,640,480
SIM-053,SIM_SEED_20261003,R_Shoulder_Flex,oblique,synthetic: independent forward kinematics; no physical goniometer,90,90.13853309979396,116,120,0.9666666666666667,0.553987138692662,0.18827275412836286,,2026-10-03T14:21:55.226088+00:00,body,1.0,5.0,1.0,640,480
SIM-054,SIM_SEED_20261003,R_Shoulder_Flex,oblique,synthetic: independent forward kinematics; no physical goniometer,90,89.90640783429417,116,120,0.9666666666666667,0.3187234745606702,0.09574324190613481,,2026-10-03T14:21:55.226088+00:00,body,1.0,5.0,1.0,640,480
