sequence,capture_time,completion_time,inference_ms,pipeline_ms,pose_detected,reliable_metrics
151,2544.367823396,2544.408425059,24.378562000038073,40.60166299996126,True,12
153,2544.401354058,2544.435452343,22.811486000136938,34.09828500025469,True,12
155,2544.43506481,2544.462204989,23.148637999838684,27.14017900007093,True,12
156,2544.451869169,2544.489592555,23.573191999730625,37.723385999925085,True,12
158,2544.485612942,2544.519989009,20.170049999705952,34.37606699981188,True,12
160,2544.518728659,2544.545916129,22.66694899981303,27.187470000171743,True,12
161,2544.535477711,2544.573562494,24.203409000165266,38.08478299970375,True,12
163,2544.569832461,2544.602933367,25.933535000149277,33.10090600007243,True,12
165,2544.602565183,2544.63085101,24.642018000122334,28.28582699976323,True,12
166,2544.619645643,2544.656917249,22.78628799967919,37.27160600010393,True,12
168,2544.653187591,2544.687611276,27.072261000284925,34.42368500009252,True,12
170,2544.686733226,2544.724058403,32.35141899995142,37.32517700018434,True,12
172,2544.722752149,2544.751206814,23.65389700025844,28.45466500002658,True,12
173,2544.73956113,2544.775795101,20.815403999677073,36.233971000001475,True,12
175,2544.77148377,2544.800051149,20.752891000029194,28.567378999923676,True,12
176,2544.787698513,2544.824910243,20.91126899995288,37.21172999985356,True,12
178,2544.823609177,2544.849940135,21.308305999809818,26.330958000016835,True,12
179,2544.837960143,2544.875747585,21.076968000215857,37.78744200008077,True,12
181,2544.873772185,2544.899890062,20.34092200028681,26.11787700016066,True,12
182,2544.888140663,2544.925497922,21.55232299992349,37.35725900014586,True,12
184,2544.923883721,2544.949525301,20.457041000099707,25.641579999955866,True,12
185,2544.938514387,2544.974569524,21.144841000023007,36.055136999948445,True,12
187,2544.973757814,2544.998419621,20.45605400007844,24.661807000029512,True,12
188,2544.990953106,2545.03104429,29.321102000267274,40.09118400017542,True,12
190,2545.023853419,2545.054774758,20.48391600010291,30.921339000087755,True,12
191,2545.041054135,2545.078161699,20.108421000259113,37.107563999597915,True,12
193,2545.074131595,2545.103440564,22.08322099977522,29.30896899988511,True,12
194,2545.093166403,2545.130853759,23.62069299988434,37.68735599987849,True,12
196,2545.129728668,2545.155967436,21.567124999819498,26.238767999984702,True,12
197,2545.144572755,2545.180885038,20.905371000026207,36.312282999915624,True,12
199,2545.180060088,2545.204234774,19.985647999874345,24.17468599969652,True,12
200,2545.19721507,2545.22763213,19.86709900029382,30.417060000218044,True,12
201,2545.213813305,2545.251188817,20.336505000159377,37.375512000380695,True,12
203,2545.247190766,2545.277680536,23.13466200030234,30.489769999803684,True,12
204,2545.263921991,2545.301057071,20.042973999807145,37.135079999643494,True,12
206,2545.297402036,2545.325947172,21.54397999993307,28.545135999593185,True,12
207,2545.314162294,2545.349084979,19.599787000061042,34.922684999855846,True,12
209,2545.3485401,2545.374026517,21.611943000152678,25.486417000138317,True,12
210,2545.365214349,2545.397586418,20.241982999777974,32.37206900030287,True,12
211,2545.381959825,2545.420792748,19.943113999943307,38.83292299997265,True,12
213,2545.415557437,2545.444677227,20.5176270001175,29.11978999964049,True,12
214,2545.432362904,2545.469388339,20.553460999963136,37.0254350000323,True,12
216,2545.467782549,2545.493575763,20.96917599965309,25.793214000259468,True,12
217,2545.482582771,2545.517119315,20.099332999961916,34.536543999820424,True,12
219,2545.516550394,2545.541852019,21.255127000131324,25.301624999883643,True,12
220,2545.533361815,2545.56642293,21.269606999794632,33.061115000236896,True,12
221,2545.553178879,2545.591289175,21.066842999971414,38.11029600001348,True,12
223,2545.5866297,2545.616463764,21.349368000301183,29.834064000169747,True,12
224,2545.603288396,2545.640553181,19.881690999682178,37.26478499993391,True,12
226,2545.639002655,2545.663923488,20.034830999975384,24.92083300012382,True,12
227,2545.653857389,2545.688923914,20.95678700015924,35.0665249998201,True,12
228,2545.672969052,2545.712714082,20.355323999865504,39.74502999972174,True,12
230,2545.706550645,2545.737884434,21.234665000065434,31.33378900020034,True,12
231,2545.725042978,2545.762748596,20.545369000046776,37.70561800001815,True,12
233,2545.760896812,2545.786713697,20.31140700000833,25.8168850000402,True,12
234,2545.775398835,2545.811582916,20.267661000161752,36.18408100010129,True,12
236,2545.811009098,2545.837887163,21.919634999903792,26.87806499989165,True,12
237,2545.827791315,2545.865684856,24.463189000016428,37.89354099990305,True,12
239,2545.861392918,2545.890008731,19.899328000064997,28.615812999760237,True,12
240,2545.878153587,2545.915012022,21.102136000081373,36.85843500034025,True,12
242,2545.9137336,2545.939133197,20.89883999997255,25.3995970001597,True,12
243,2545.928365763,2545.963015182,19.965537000189215,34.64941900028862,True,12
245,2545.962492211,2545.987915208,21.716408999964187,25.422996999623138,True,12
246,2545.981060798,2546.011724494,20.463245999962965,30.66369600037433,True,12
247,2545.997807045,2546.035432012,20.486756000082096,37.62496699982876,True,12
249,2546.031365704,2546.058644411,19.75875600010113,27.278706999823044,True,12
250,2546.048136898,2546.083134861,20.63322000003609,34.99796300002345,True,12
252,2546.082203446,2546.107328385,20.901914999740256,25.12493899985202,True,12
253,2546.098952377,2546.131212624,20.052297000347608,32.260247000067466,True,12
254,2546.115781298,2546.157173765,22.32029800006785,41.392467000150646,True,12
256,2546.149138649,2546.182069054,21.578542000042944,32.93040499966082,True,12
257,2546.165949934,2546.205124722,19.723807999980636,39.17478800030949,True,12
259,2546.199524096,2546.230121253,21.51088000027812,30.597157000102015,True,12
260,2546.216237164,2546.254281281,20.945655000105035,38.044117000026745,True,12
262,2546.249779718,2546.279351403,21.79658000022755,29.571685000064463,True,12
263,2546.266626222,2546.303601902,20.315793999998277,36.97568000006868,True,12
265,2546.302273816,2546.32737258,20.42860399978963,25.098764000176743,True,12
266,2546.316901077,2546.352385796,21.364230000017415,35.48471900012373,True,12
268,2546.351821709,2546.376723306,20.776005000243458,24.901596999825415,True,12
269,2546.369197913,2546.400109196,19.8449259996778,30.911283000023104,True,12
270,2546.385347212,2546.423579452,20.10556799996266,38.232240000070306,True,12
272,2546.418904574,2546.448816695,21.70239799988849,29.91212100005214,True,12
273,2546.435641838,2546.472776678,20.150055000158318,37.1348400003626,True,12
275,2546.47149426,2546.496389499,19.95373899990227,24.895239000215952,True,12
276,2546.486430777,2546.521296155,20.171087000107946,34.86537800017686,True,12
278,2546.521082544,2546.544593101,20.06710900013786,23.510557000008703,True,12
279,2546.537701009,2546.57007406,21.837141000105476,32.37305099992227,True,12
280,2546.557016509,2546.596111872,22.405732000152057,39.09536300034233,True,12
282,2546.59057338,2546.620957526,21.461356000145315,30.38414599996031,True,12
283,2546.60809333,2546.644856377,20.08589800016125,36.7630470000222,True,12
285,2546.643517529,2546.668992584,20.762013999956253,25.47505500024272,True,12
286,2546.657821244,2546.692157612,19.707580000158487,34.33636799991291,True,12
288,2546.6915811,2546.715869582,20.4493750002257,24.288481999974465,True,12
289,2546.708973288,2546.740410547,20.93683700013571,31.43725900008576,True,12
290,2546.725079363,2546.763637308,19.855661999827134,38.55794499986587,True,12
292,2546.758607,2546.790655048,21.830670999861468,32.048047999978735,True,12
293,2546.777089056,2546.815026549,19.781750999754877,37.937492999844835,True,12
295,2546.813675197,2546.838864448,20.565579000049183,25.18925100002889,True,12
296,2546.827330146,2546.862324789,19.71820500011745,34.99464300011823,True,12
298,2546.861431111,2546.886723993,20.062242999756563,25.29288200003066,True,12
299,2546.878228955,2546.911228073,20.477838000260817,32.99911800013433,True,12
300,2546.895119289,2546.935471562,20.524888000181818,40.35227300028055,True,12
302,2546.928730552,2546.958841007,20.0993080002263,30.110454999885405,True,12
303,2546.945194219,2546.983502474,21.2575589998778,38.30825500017454,True,12
305,2546.978798261,2547.008510042,21.617170999888913,29.71178100006,True,12
306,2546.995511899,2547.033299041,21.269017000122403,37.78714200007016,True,12
308,2547.029069772,2547.056498009,19.798566000190476,27.42823699963992,True,12
309,2547.045766164,2547.080333976,20.028322000143817,34.56781200020487,True,12
311,2547.079654444,2547.108508505,24.272061999909056,28.85406099994725,True,12
312,2547.09646065,2547.132667851,20.109493000290968,36.20720099979735,True,12
314,2547.130933449,2547.156293181,20.345479000297928,25.359731999742507,True,12
315,2547.147078252,2547.180539589,20.92452399983813,33.461337000062485,True,12
316,2547.164768298,2547.205281828,21.44523200013282,40.51352999977098,True,12
318,2547.197997126,2547.229109502,20.570807000240166,31.11237600023742,True,12
319,2547.214162324,2547.2527206,20.25267899989558,38.55827600000339,True,12
321,2547.247680787,2547.277925734,21.175806999963243,30.244947000028333,True,12
322,2547.26444396,2547.302746912,21.441747000153555,38.302952000321966,True,12
324,2547.297948357,2547.326971412,20.89057800003502,29.02305499992508,True,12
325,2547.317053876,2547.353967289,23.279388999981165,36.91341300009299,True,12
327,2547.352702422,2547.377682303,20.130334999976185,24.979880999580928,True,12
328,2547.367366779,2547.402516981,21.236828999917634,35.150202000295394,True,12
330,2547.401952302,2547.42761218,21.870040000067092,25.65987799971481,True,12
331,2547.41872551,2547.451428647,20.44593900018299,32.70313699977123,True,12
332,2547.4354735,2547.474840476,20.25470199987467,39.36697599965555,True,12
334,2547.468978873,2547.500591401,22.455170000284852,31.612527999641316,True,12
335,2547.485774575,2547.524394558,20.566920999954164,38.61998299998959,True,12
337,2547.519418747,2547.548965379,21.122076000210654,29.54663199989227,True,12
338,2547.53615927,2547.573581979,21.374575999743683,37.422709000111354,True,12
340,2547.569735716,2547.596655549,19.80770999989545,26.91983299973799,True,12
341,2547.58649964,2547.622458412,21.572272999947018,35.95877199995812,True,12
343,2547.621856682,2547.646918256,21.131990999947448,25.061574000119435,True,12
344,2547.638369784,2547.671107579,20.852023999850644,32.73779499977536,True,12
345,2547.65698427,2547.696365217,21.93680599975778,39.380947000154265,True,12
347,2547.690554461,2547.719649164,20.03742599981706,29.094703000282607,True,12
348,2547.707232255,2547.743829547,20.431448000181263,36.597292000351445,True,12
350,2547.742617675,2547.76753694,20.09881799995128,24.919264999880397,True,12
351,2547.757632219,2547.790776299,19.80805999983204,33.14408000005642,True,12
352,2547.774319968,2547.814203496,20.150890999957483,39.88352800024586,True,12
354,2547.807818982,2547.837344077,19.86283199994432,29.525095000281,True,12
355,2547.824543507,2547.861381796,20.26968499967552,36.838289000115765,True,12
357,2547.860105833,2547.886615965,22.00363100018876,26.510132000112208,True,12
358,2547.877042136,2547.909894963,20.00707000024704,32.85282700016978,True,12
359,2547.893754062,2547.934200255,21.034593999956996,40.44619300020713,True,12
361,2547.927325925,2547.957201897,19.793198000115808,29.875971999899775,True,12
362,2547.94405064,2547.981428541,20.086368000193033,37.37790099967242,True,12
364,2547.980143043,2548.005394101,19.960910999998305,25.251057999867044,True,12
365,2547.994468351,2548.031871579,21.86132799988627,37.403228000130184,True,12
367,2548.030361944,2548.055126041,19.813948999853892,24.764097000115726,True,12
368,2548.044634293,2548.07903057,20.3599800001939,34.39627700026904,True,12
370,2548.078258945,2548.102911444,20.562273999985337,24.652498999785166,True,12
371,2548.095089264,2548.127147341,20.88757399997121,32.05807700032892,True,12
372,2548.111873754,2548.152385706,21.66986000020188,40.51195200008806,True,12
374,2548.145344976,2548.176517537,20.803978000003553,31.172560999948473,True,12
375,2548.162064984,2548.201687203,21.557085000040388,39.622218999738834,True,12
377,2548.195667513,2548.224585289,19.680688999869744,28.91777600007117,True,12
378,2548.212365408,2548.248779374,20.157066000138002,36.41396600005464,True,12
380,2548.247007295,2548.272511544,20.511026999884052,25.504248999823176,True,12
381,2548.263496626,2548.295680848,19.86394499999733,32.184222000068985,True,12
382,2548.280128736,2548.319517826,20.534613000108948,39.38908999998603,True,12
384,2548.313703975,2548.343033891,20.27513299981365,29.329915999824152,True,12
385,2548.330445555,2548.36681873,19.71050300016941,36.373174999880575,True,12
387,2548.366194872,2548.390252943,20.046878999892215,24.0580710001268,True,12
388,2548.383149753,2548.413765903,20.17173800004457,30.616149999787012,True,12
389,2548.399783331,2548.437358674,20.1668590002555,37.575342999844,True,12
391,2548.433353998,2548.460947568,20.341102000202227,27.593570000135514,True,12
392,2548.450078783,2548.488551354,24.15541199979998,38.472570999601885,True,12
394,2548.483846756,2548.513171019,20.798505000129808,29.32426300003499,True,12
395,2548.500418366,2548.537826808,20.87844000016048,37.408442000014475,True,12
397,2548.536243162,2548.561007929,19.929543000216654,24.764766999851417,True,12
398,2548.5506024,2548.586229639,21.707285999582382,35.62723899995035,True,12
400,2548.585007977,2548.609697231,19.99638400002368,24.689254000350047,True,12
401,2548.601477614,2548.633990815,20.88169500029835,32.513200999801484,True,12
402,2548.618081872,2548.65738697,20.117354999911186,39.3050980001135,True,12
404,2548.651653095,2548.681447254,20.76032299964936,29.79415900017557,True,12
405,2548.668517069,2548.705974825,20.457642000110354,37.45775600009438,True,12
407,2548.704559737,2548.731186569,21.963487999983045,26.626831999692513,True,12
408,2548.719209022,2548.75597092,21.483256000010442,36.761897999895154,True,12
410,2548.752321856,2548.782201807,22.53913399999874,29.87995100011176,True,12
411,2548.768965142,2548.806423312,20.405674999892653,37.45816999980889,True,12
413,2548.804794157,2548.831010817,21.319679000043834,26.216660000045522,True,12
414,2548.81920282,2548.856664486,21.42724100031046,37.46166600012657,True,12
416,2548.855388542,2548.879471874,19.591740999658214,24.0833319999183,True,12
417,2548.869473509,2548.903898953,20.76414900011514,34.42544400013503,True,12
419,2548.903104112,2548.92770314,20.58018700017783,24.599028000011458,True,12
420,2548.919930753,2548.952927858,21.5074719999393,32.99710500004949,True,12
421,2548.937545169,2548.977168912,20.788511000318977,39.62374299999283,True,12
423,2548.973097168,2549.003697357,22.84254999995028,30.600188999869715,True,12
424,2548.989782707,2549.032406257,25.151598999855196,42.62354999991658,True,12
426,2549.023581207,2549.060450893,24.841486999775952,36.869686000045476,True,12
428,2549.056927072,2549.083910341,20.25574900017091,26.983269000083965,True,12
429,2549.073638255,2549.109869975,21.79710399968826,36.23172000015984,True,12
431,2549.109011168,2549.133462158,20.349936000002344,24.450989999877493,True,12
432,2549.12580173,2549.158185518,21.448504000090907,32.38378800006103,True,12
433,2549.143391349,2549.181189221,19.7523319998254,37.7978719998282,True,12
435,2549.176104147,2549.205020869,20.490561999849888,28.91672199984896,True,12
436,2549.192883537,2549.230369409,22.00356899993494,37.48587200016118,True,12
438,2549.22637129,2549.254908692,21.07097599991903,28.537401999983558,True,12
439,2549.243717633,2549.278963646,20.405995000146504,35.24601300023278,True,12
441,2549.278624586,2549.302678358,20.433195999885356,24.053771999660967,True,12
442,2549.295208006,2549.326345714,20.33516400024382,31.13770800018756,True,12
443,2549.311949178,2549.350317083,20.755331000145816,38.367905000086466,True,12
445,2549.345502906,2549.373923312,19.878822000009677,28.420405999895593,True,12
446,2549.362195666,2549.398715715,20.769592999840825,36.52004900004613,True,12
448,2549.398114055,2549.422820094,20.642010999836202,24.706039000193414,True,12
449,2549.414894271,2549.445907602,19.811330999800703,31.01333099994008,True,12
450,2549.431608033,2549.47033667,21.047709999947983,38.72863700007656,True,12
452,2549.465109281,2549.493876348,20.008637000046292,28.767066999989765,True,12
453,2549.481884786,2549.519620213,21.79386300031183,37.735426999915944,True,12
455,2549.515533696,2549.544569423,21.667172999968898,29.03572700006407,True,12
456,2549.532183641,2549.570170282,21.410185999684472,37.98664100031601,True,12
458,2549.568795379,2549.596258635,22.7636520003216,27.463255999919056,True,12
459,2549.583576753,2549.62276058,22.334145000058925,39.18382699976064,True,12
461,2549.621501681,2549.646253388,19.834786000046734,24.751706999722956,True,12
462,2549.636025889,2549.672742023,22.329307999825687,36.71613400001661,True,12
464,2549.67146691,2549.69665931,20.353827999770147,25.19239999992351,True,12
465,2549.686774106,2549.721711505,21.403876000022137,34.937398999772995,True,12
467,2549.721017926,2549.746265039,20.22341999963828,25.247112999750243,True,12
468,2549.739042199,2549.770131369,20.2470560002439,31.089170000086597,True,12
469,2549.755384892,2549.796060162,22.607095999774174,40.675269999610464,True,12
471,2549.788426825,2549.819416195,20.119754999996076,30.98937000004298,True,12
472,2549.804877891,2549.842792819,19.964110999808327,37.91492799973639,True,12
474,2549.838667218,2549.86602832,19.903899999917485,27.361102000213577,True,12
475,2549.855183522,2549.891451162,21.731258999807324,36.267640000005485,True,12
477,2549.891051255,2549.915247477,20.39919600019857,24.196221999773115,True,12
478,2549.907673849,2549.938386854,19.767994999710936,30.713005000052362,True,12
479,2549.924425037,2549.962514187,20.52028700018127,38.0891499999052,True,12
481,2549.958011469,2549.986061547,20.300836999922467,28.050077999978384,True,12
482,2549.97471193,2550.011404759,21.05424100000164,36.69282900000326,True,12
484,2550.010415987,2550.034407341,19.716057000096043,23.99135399991792,True,12
485,2550.027187275,2550.058295404,20.0031089998447,31.108129000131157,True,12
486,2550.04394316,2550.082562917,20.726337000269268,38.61975700010589,True,12
488,2550.077920324,2550.107982524,21.984980999604886,30.062199999974837,True,12
489,2550.094725763,2550.136289835,25.034347000200796,41.564071999800944,True,12
491,2550.128173516,2550.159368281,19.82494100002441,31.19476499978191,True,12
492,2550.144830202,2550.182607357,19.99477699973795,37.7771550001853,True,12
494,2550.178428311,2550.20696726,20.89584199984529,28.538948999994318,True,12
495,2550.19520041,2550.23113218,20.40691699994568,35.93176999993375,True,12
497,2550.230588307,2550.255259583,20.769380999809073,24.671276000390208,True,12
498,2550.247381758,2550.278755496,20.22019600008207,31.37373800018395,True,12
499,2550.264131854,2550.302049285,19.970119000390696,37.91743100009626,True,12
501,2550.297680819,2550.326955189,21.60801399986667,29.27436999971178,True,12
502,2550.317060601,2550.352202958,21.675274999779504,35.14235700004065,True,12
504,2550.351699496,2550.376516461,20.77816500013796,24.816964999899938,True,12
505,2550.368731726,2550.400097382,20.247346999894944,31.365655999707087,True,12
506,2550.385143262,2550.425698552,22.28295899976729,40.555290000156674,True,12
508,2550.421781545,2550.451549838,22.622940000019298,29.768292999960977,True,12
509,2550.438559373,2550.476098936,20.81697300036467,37.539563000336784,True,12
511,2550.474474517,2550.499719867,20.38813899980596,25.245349999750033,True,12
512,2550.488950212,2550.524294172,21.251306000067416,35.34395999986373,True,12
513,2550.508976396,2550.55045239,22.192243000063172,41.47599399993851,True,12
515,2550.542505642,2550.573641762,19.845181000164303,31.136120000155643,True,12
516,2550.55922367,2550.600823235,20.027401000334066,41.59956500006956,True,12
518,2550.592858248,2550.624739731,20.52813899990724,31.88148299977911,True,12
519,2550.610421387,2550.648094532,20.013966000078653,37.673145000098884,True,12
521,2550.643140514,2550.671996055,20.707447999939177,28.855540999757068,True,12
522,2550.659861226,2550.696547005,20.8109649997823,36.68577899998127,True,12
524,2550.695275838,2550.720034956,20.07188200013843,24.759118000019953,True,12
525,2550.710222261,2550.745618755,21.364070999879914,35.39649399999689,True,12
527,2550.744550288,2550.771147787,21.05292800024472,26.597498999763047,True,12
528,2550.76135416,2550.795587579,20.612346000234538,34.233418999974674,True,12
530,2550.794916505,2550.819648202,20.576992999849608,24.731696999879205,True,12
531,2550.811679661,2550.846011774,22.962916000324185,34.33211299989125,True,12
533,2550.845454716,2550.870156989,20.538289999876724,24.702273000002606,True,12
534,2550.862870704,2550.893966875,20.481139000366966,31.096170999717287,True,12
535,2550.878928378,2550.918013196,20.66091899996536,39.08481799999208,True,12
537,2550.912511525,2550.941540416,20.06359100005284,29.02889100005268,True,12
538,2550.929324405,2550.965225804,20.057680999798322,35.90139900006761,True,12
540,2550.964697369,2550.991401159,22.50371099989934,26.703789999828587,True,12
541,2550.985031887,2551.014845233,19.94174599985854,29.813346000082674,True,12
542,2551.001781963,2551.039417295,20.831666000049154,37.63533199980884,True,12
544,2551.035349026,2551.06310011,20.085792999907426,27.7510840001014,True,12
545,2551.052117159,2551.088229781,21.090154999910737,36.112622000018746,True,12
547,2551.087228244,2551.113022384,21.439470000132133,25.79414000001634,True,12
548,2551.103944108,2551.138156912,21.40029100019092,34.21280399970783,True,12
550,2551.137477841,2551.163659053,21.43111700024747,26.181212000210508,True,12
551,2551.154270491,2551.188667542,20.83582200020828,34.39705100026913,True,12
553,2551.18808813,2551.213173765,21.17467200014289,25.085635000323236,True,12
554,2551.204742522,2551.237348669,20.303471000261197,32.606147000024066,True,12
555,2551.221350915,2551.261236362,20.288197999889235,39.88544699996055,True,12
557,2551.254976335,2551.284611794,20.058141999925283,29.635459000019182,True,12
558,2551.271717698,2551.309030836,20.900307999909273,37.31313800017233,True,12
560,2551.305247815,2551.332748923,20.28342999983579,27.501108000251406,True,12
561,2551.321922588,2551.356250555,20.116920999953436,34.32796700008112,True,12
563,2551.355664453,2551.381354427,21.418778000224847,25.689974000215443,True,12
564,2551.372482752,2551.405005544,20.15818300014871,32.522791999781475,True,12
565,2551.389243965,2551.429170213,20.60129900019092,39.92624800002886,True,12
567,2551.422879961,2551.455580841,22.490021000066918,32.70087999999305,True,12
568,2551.439852782,2551.480160103,20.77850599971498,40.30732100000023,True,12
570,2551.473076037,2551.503616036,20.11947399978453,30.539999000211537,True,12
571,2551.489841496,2551.52747127,19.829207999919163,37.62977400037926,True,12
573,2551.525330179,2551.552350374,21.578399000190984,27.020195000204694,True,12
574,2551.540290793,2551.57816808,21.970358000089618,37.877286999901116,True,12
576,2551.574167812,2551.602577798,21.01548200016623,28.40998600004241,True,12
577,2551.590876416,2551.631107894,21.027059000061854,40.231477999896015,True,12
579,2551.629823261,2551.654709566,20.23114199982956,24.886304999654385,True,12
580,2551.640707112,2551.678947375,20.875421999789978,38.24026299980687,True,12
582,2551.674191761,2551.702831021,20.019213000068703,28.639259999636124,True,12
583,2551.690991667,2551.728460944,20.902572000068176,37.46927699967273,True,12
585,2551.726422323,2551.752672324,20.25130199990599,26.250000999880285,True,12
586,2551.741389291,2551.776617242,20.283701000153087,35.22795100025178,True,12
588,2551.776046714,2551.801531629,21.472980999988067,25.484914999651664,True,12
589,2551.792824948,2551.825808898,20.877264000318974,32.98395000001619,True,12
590,2551.809543626,2551.849374306,19.877700000051846,39.83067999979539,True,12
592,2551.843047228,2551.873149499,19.99593799973809,30.102271000032488,True,12
593,2551.85975482,2551.897200337,19.816357999843603,37.44551699992371,True,12
595,2551.895833381,2551.921869505,21.13831700035007,26.03612399980193,True,12
596,2551.910122159,2551.946197941,20.539256000120076,36.07578199989803,True,12
598,2551.945630963,2551.983001561,33.26922399992327,37.37059800005227,True,12
600,2551.979131434,2552.00648727,20.124161000239837,27.355835999969713,True,12
601,2551.995946118,2552.035839522,25.73456099980831,39.89340399994035,True,12
603,2552.029488153,2552.060220747,20.970404000308918,30.73259400025563,True,12
604,2552.046229405,2552.08467358,20.544002999940858,38.44417500022246,True,12
606,2552.079797865,2552.109274756,20.62483500003509,29.476891000285832,True,12
607,2552.096543745,2552.13415455,20.915982000133226,37.6108049999857,True,12
609,2552.132514302,2552.15921008,21.542615000271326,26.69577799997569,True,12
610,2552.147027148,2552.185116979,22.11597699988488,38.08983100043406,True,12
612,2552.180416348,2552.210622806,21.369885000240174,30.20645800006605,True,12
613,2552.197112964,2552.234951101,19.978331999936927,37.83813700010796,True,12
615,2552.233675853,2552.259822233,21.40729199982161,26.146379999772762,True,12
616,2552.247383442,2552.284170769,20.573596999838628,36.78732700018372,True,12
618,2552.282843337,2552.308497867,20.417561999693135,25.65452999988338,True,12
619,2552.297773455,2552.332743874,19.946924999658222,34.97041899981923,True,12
621,2552.331956364,2552.356603234,20.214486999975634,24.64687000019694,True,12
622,2552.348691047,2552.379833407,19.945792999806145,31.14236000010351,True,12
623,2552.365676737,2552.403294137,20.12530299998616,37.61740000027203,True,12
625,2552.39907097,2552.427229441,20.6490410000697,28.158470999642304,True,12
626,2552.416027276,2552.457101756,26.09402100006264,41.07448000013392,True,12
628,2552.449652681,2552.48092387,20.394038000176806,31.27118900010828,True,12
629,2552.466115385,2552.50423155,19.930749999730324,38.11616499979209,True,12
631,2552.499660003,2552.528956843,20.92270200000712,29.29683999991539,True,12
632,2552.516415357,2552.553394207,20.51349199973629,36.97885000019596,True,12
634,2552.552106435,2552.576837451,20.139804999871558,24.731015999805095,True,12
635,2552.566693016,2552.600856341,20.651755000017147,34.163325000008626,True,12
637,2552.600335853,2552.625695274,21.175263000259292,25.359420999848226,True,12
638,2552.617699437,2552.65109074,21.343089999845688,33.39130300037141,True,12
640,2552.650868551,2552.674783128,20.20283899992137,23.914577000141435,True,12
641,2552.667736584,2552.69904243,20.75136499979635,31.305846000122983,True,12
642,2552.684366309,2552.72243007,19.832682000014756,38.06376100010311,True,12
644,2552.717979691,2552.746954882,20.83371900016573,28.975190999972256,True,12
645,2552.7351769,2552.771250613,20.380340999963664,36.07371299995066,True,12
647,2552.76999228,2552.794946737,20.185534000120242,24.95445699969423,True,12
648,2552.784971843,2552.819441828,20.51693699968382,34.46998499975962,True,12
650,2552.818822291,2552.843909804,20.90865099989969,25.08751300001677,True,12
651,2552.835759098,2552.868224489,20.389580000028218,32.46539100018708,True,12
652,2552.852254461,2552.891262994,19.771090999711305,39.00853300001472,True,12
654,2552.885924889,2552.915680253,20.965876999980537,29.755364000266127,True,12
655,2552.903193224,2552.940192214,21.273939999900904,36.99899000002915,True,12
657,2552.936710322,2552.967143476,23.306989000047906,30.433153999638307,True,12
658,2552.952904732,2552.991161474,20.563402000334463,38.25674199970308,True,12
660,2552.986425184,2553.017630114,22.854694000216114,31.204930000058084,True,12
661,2553.003154359,2553.041757247,20.62788900002488,38.602888000241364,True,12
663,2553.036709283,2553.066437642,21.062453000013193,29.728358999818738,True,12
664,2553.053410476,2553.090076149,19.743678999930125,36.66567300024326,True,12
666,2553.08880037,2553.114745357,20.877244000075734,25.944987000002584,True,12
667,2553.103737509,2553.14038828,21.726872000272124,36.65077100004055,True,12
669,2553.139033202,2553.165173152,21.416283999769803,26.139950000015233,True,12
670,2553.154004031,2553.188920514,20.081397000012657,34.91648299996086,True,12
672,2553.188270436,2553.21185371,19.70368899992536,23.583273999975063,True,12
673,2553.204935574,2553.236168545,21.046620000106486,31.232971000008547,True,12
674,2553.222513525,2553.26104805,20.160285999736516,38.53452500015919,True,12
676,2553.255358276,2553.285038718,20.64372299992101,29.680441999971663,True,12
677,2553.272069794,2553.310282805,21.692940999855637,38.21301100015262,True,12
679,2553.306236869,2553.334198049,20.28920999964612,27.96118000014758,True,12
680,2553.322290337,2553.358251902,20.21100199999637,35.9615649999796,True,12
682,2553.357719811,2553.383877148,22.064980999857653,26.15733699985867,True,12
683,2553.374484279,2553.407513903,20.114736999857996,33.02962399993703,True,12
684,2553.391232522,2553.434468599,22.726574999978766,43.23607700007415,True,12
686,2553.424767737,2553.462661157,22.51940399992236,37.89342000027318,True,12
688,2553.459803409,2553.48757266,21.457667000049696,27.76925099988148,True,12
689,2553.476410769,2553.511297307,19.931931999963126,34.88653800013708,True,12
691,2553.509991393,2553.53522177,20.57714800002941,25.230377000298176,True,12
692,2553.526690311,2553.559667402,21.120720999988407,32.97709099979329,True,12
693,2553.543424594,2553.584372684,21.2101850002,40.948089999801596,True,12
695,2553.576981111,2553.609557157,21.604266999929678,32.576046000031056,True,12
696,2553.593921693,2553.633722092,20.642376000068907,39.800398999886966,True,12
698,2553.627283697,2553.656893036,19.94160699996428,29.609338999762258,True,12
699,2553.644061505,2553.682378642,21.988166000028286,38.317136999921786,True,12
701,2553.677582628,2553.706268859,20.494158000019524,28.686230999937834,True,12
702,2553.694654518,2553.73220984,21.409584999673825,37.555322000116576,True,12
704,2553.730734811,2553.758033785,22.405922999951144,27.298974000132148,True,12
705,2553.7446483,2553.781979966,20.560868999837112,37.331666000227415,True,12
707,2553.778286129,2553.805993638,20.69800400022359,27.70750899981067,True,12
708,2553.795117467,2553.832687011,22.47532899991711,37.56954399977985,True,12
710,2553.831401487,2553.85655896,20.39312599981713,25.157472999580932,True,12
711,2553.845327675,2553.880054122,20.160095999926853,34.72644699968441,True,12
713,2553.878978138,2553.904625693,21.230384999853413,25.64755499997773,True,12
714,2553.896338562,2553.928637422,20.394677999775013,32.29886000008264,True,12
715,2553.912503368,2553.952067507,19.786202999966918,39.564138999594434,True,12
717,2553.946053114,2553.975842239,20.248799000000872,29.789125000206695,True,12
718,2553.962717972,2553.999743392,20.08051600023464,37.02541999973619,True,12
720,2553.998492134,2554.028367689,24.980376999792497,29.875554999762244,True,12
721,2554.0131683,2554.056531233,24.130061000050773,43.362933000025805,True,12
723,2554.0465975,2554.080579545,20.156300000053307,33.98204499990243,True,12
725,2554.080261542,2554.107365753,22.98970099991493,27.104211000278156,True,12
726,2554.098072797,2554.132846758,21.39378099991518,34.773961000155396,True,12
728,2554.131532472,2554.157117484,20.98021899973901,25.585012000192364,True,12
729,2554.147579345,2554.182621314,21.29280999997718,35.041968999848905,True,12
731,2554.181781656,2554.208118083,21.50232399981178,26.336426999932883,True,12
732,2554.198537736,2554.234529587,22.497018999729335,35.99185099983515,True,12
734,2554.233974768,2554.258813152,20.86351400021158,24.83838400030436,True,12
735,2554.25075574,2554.286734437,22.885584000050585,35.97869700024603,True,12
737,2554.28548675,2554.312385577,22.316017000321153,26.89882699996815,True,12
738,2554.301283187,2554.337808766,21.667944000000716,36.525578999771824,True,12
740,2554.336570469,2554.362959715,21.48418800015861,26.38924600023529,True,12
741,2554.352144912,2554.388138877,21.06888300022547,35.99396500021612,True,12
743,2554.387427758,2554.413210246,21.685368999897037,25.782488000004378,True,12
744,2554.404233161,2554.438290509,20.586487999935343,34.05734800026039,True,12
746,2554.437690757,2554.464149202,22.412822999740456,26.458445000116626,True,12
747,2554.454463402,2554.487494718,19.771953000145004,33.031316000233346,True,12
748,2554.471182696,2554.511201295,20.448800999929517,40.0185989997226,True,12
750,2554.50470564,2554.53575047,20.66649900007178,31.044830000155343,True,12
751,2554.521548345,2554.559148374,19.953395999891654,37.600028999804636,True,12
753,2554.555352653,2554.582890766,20.20998200032409,27.538112999991426,True,12
754,2554.571889623,2554.607969307,20.932897999955458,36.07968400001482,True,12
756,2554.607486701,2554.632611881,21.30811300003188,25.125179999577085,True,12
757,2554.623996419,2554.676687029,40.21738900019045,52.69060999989961,True,12
760,2554.676065134,2554.702015054,21.244255999590678,25.949920000130078,True,12
761,2554.692893387,2554.725499689,20.222811000166985,32.60630200020387,True,12
762,2554.709538971,2554.754128656,25.249507000353333,44.58968500011906,True,12
764,2554.745354722,2554.778204269,20.800108000003092,32.8495470002963,True,12
765,2554.762452375,2554.802206091,20.51853500006473,39.75371599972277,True,12
767,2554.795375438,2554.834148019,28.71932400012156,38.772581000102946,True,12
769,2554.828967277,2554.857254675,19.880276000094455,28.287397999974928,True,12
770,2554.84584567,2554.882612596,20.726517999719363,36.76692599992748,True,12
772,2554.881652628,2554.907855593,22.058109999761655,26.20296499981123,True,12
773,2554.898420214,2554.932548183,21.162302999982785,34.12796900011017,True,12
775,2554.931964622,2554.956218026,20.38304200004859,24.25340399986453,True,12
776,2554.948797947,2554.97974219,20.196240000132093,30.94424299979437,True,12
777,2554.965507526,2555.005762576,22.45272300024226,40.255050000268966,True,12
779,2554.999711715,2555.030241425,20.883323999896675,30.52970999988247,True,12
780,2555.01581329,2555.054939804,21.42784199986636,39.12651399969036,True,12
782,2555.049333702,2555.07872481,20.150551999904565,29.391108000254462,True,12
783,2555.066665346,2555.102637467,19.9539459999869,35.97212100021352,True,12
785,2555.102085413,2555.126209073,20.304002999637305,24.123659999986558,True,12
786,2555.119008113,2555.15026768,20.460318000004918,31.2595670002338,True,12
787,2555.13624839,2555.173452653,19.912383999781014,37.20426299969404,True,12
789,2555.169487498,2555.196750141,20.00117199986562,27.262643000085518,True,12
790,2555.186017688,2555.22139501,20.553708000079496,35.377321999931155,True,12
792,2555.220429329,2555.248880689,24.0568340000209,28.451359999962733,True,12
793,2555.237605589,2555.274592301,22.236348000205908,36.98671200027093,True,12
795,2555.270689955,2555.299160604,21.31081700008508,28.47064900015539,True,12
796,2555.287460827,2555.32428922,21.13489200019103,36.82839300017804,True,12
798,2555.322920873,2555.347934506,20.418775000052847,25.013633000071422,True,12
799,2555.33773927,2555.373703053,21.767162999822176,35.963783000170224,True,12
801,2555.373106426,2555.397571204,20.515840999905777,24.464778000037768,True,12
802,2555.389867233,2555.423532932,22.185531000104675,33.665698999811866,True,12
804,2555.423337218,2555.447908787,21.122503000242432,24.571568999817828,True,12
805,2555.440585938,2555.473815151,22.37091999995755,33.22921300014059,True,12
807,2555.473710895,2555.498903251,21.458031999827654,25.19235599993408,True,12
808,2555.490401556,2555.524638018,22.336248000101477,34.23646200008079,True,12
810,2555.524055848,2555.549109235,20.999978999952873,25.053386999843497,True,12
811,2555.540842403,2555.572382492,19.93099199989956,31.540088999918225,True,12
812,2555.55780313,2555.595924482,20.30096800035608,38.12135199996192,True,12
814,2555.591120296,2555.620619696,21.32477699979063,29.499400000077003,True,12
815,2555.607825438,2555.645680781,20.909974000005604,37.85534300004656,True,12
817,2555.644097956,2555.66963414,20.61804499999198,25.536183999975037,True,12
818,2555.658078964,2555.694045136,20.66723899997669,35.966171999916696,True,12
820,2555.692870376,2555.719747254,22.471851999853243,26.87687800016647,True,12
821,2555.709465854,2555.744753997,21.197936000135087,35.288142999888805,True,12
823,2555.74394785,2555.770031015,21.760782999990624,26.08316499981811,True,12
824,2555.760774836,2555.793930593,20.607028000085847,33.155756999804,True,12
825,2555.777757205,2555.8178426,20.54884100016352,40.08539500000552,True,12
827,2555.811659731,2555.841531081,20.170251999843458,29.87135000012131,True,12
828,2555.827855949,2555.865374274,19.96604500027388,37.518324999837205,True,12
830,2555.864245292,2555.888888959,20.183727000130602,24.643666999963898,True,12
831,2555.878085949,2555.9124447,20.087928000066313,34.358751000127086,True,12
833,2555.911909416,2555.9358205,20.107037000343553,23.911083999792027,True,12
834,2555.928631344,2555.959524445,20.510302999809937,30.89310099994691,True,12
835,2555.945375485,2555.982886259,20.00339599999279,37.51077400011127,True,12
837,2555.978901705,2556.006261589,19.87942400000975,27.359883999906742,True,12
838,2555.995623702,2556.02981711,20.148178999988886,34.193407999737246,True,12
840,2556.029253418,2556.053968476,20.823553999889555,24.71505800031082,True,12
841,2556.046099252,2556.077794454,20.328448999862303,31.695201999809797,True,12
842,2556.062759908,2556.102248496,20.999127999857592,39.48858800004018,True,12
844,2556.09638769,2556.125651457,19.808316999842646,29.263766999974905,True,12
845,2556.113142317,2556.149898873,20.17660599994997,36.75655600000027,True,12
847,2556.149374124,2556.17380411,20.53517100011959,24.4299860000865,True,12
848,2556.166099347,2556.197602155,19.924561999687285,31.502807999913784,True,12
849,2556.182894786,2556.221644388,20.431875999747717,38.74960200027999,True,12
851,2556.219957102,2556.244669141,19.74245899964444,24.71203899995089,True,12
852,2556.233708814,2556.271414722,22.82167200019103,37.705908000134514,True,12
854,2556.270128083,2556.297835009,23.104562999833433,27.706926000064414,True,12
855,2556.289068275,2556.322399026,21.27623499973197,33.33075099999405,True,12
856,2556.306022903,2556.346658896,20.722132000173588,40.635992999796144,True,12
858,2556.339571978,2556.37049634,20.4967019999458,30.924361999950634,True,12
859,2556.356187385,2556.398441811,24.006559000099514,42.25442599999951,True,12
861,2556.389736609,2556.42324051,21.37487300024077,33.50390100013101,True,12
862,2556.406492107,2556.446845335,20.004012000299554,40.35322800018548,True,12
864,2556.440156466,2556.471129812,21.000859999730892,30.97334599988244,True,12
865,2556.457212375,2556.494733285,20.08124800022415,37.52091000023938,True,12
867,2556.490314622,2556.518120283,19.999184999960562,27.805661000002146,True,12
868,2556.50706965,2556.541864302,20.091718999992736,34.79465199961851,True,12
870,2556.541079858,2556.566021657,20.6702430000405,24.94179899986193,True,12
871,2556.557833593,2556.589687995,20.19911499974114,31.85440200013545,True,12
872,2556.574642001,2556.618379001,25.05184499977986,43.73699999996461,True,12
874,2556.61313312,2556.642491559,20.682130999830406,29.35843900013424,True,12
875,2556.629829194,2556.67422279,28.403879000052257,44.393595999736135,True,12
877,2556.663473551,2556.698204266,20.392000000356347,34.73071500002334,True,12
879,2556.697650189,2556.722491883,20.918471999721078,24.84169400031533,True,12
880,2556.714460484,2556.758910553,32.41030800018052,44.45006900004955,True,12
882,2556.748291807,2556.784755382,21.87578700022641,36.463575000198034,True,12
884,2556.783348966,2556.810106825,21.73353699981817,26.757858999644668,True,12
885,2556.798235429,2556.836841574,22.324301000026026,38.606144999903336,True,12
887,2556.835480821,2556.860472697,19.979698000042845,24.991876000058255,True,12
888,2556.849775413,2556.884839408,20.774403999894275,35.06399500020052,True,12
890,2556.883526442,2556.908284982,20.199097999920923,24.75854000022082,True,12
891,2556.900134055,2556.931169481,19.691694999892206,31.03542600001674,True,12
892,2556.916946226,2556.958194362,23.709109999799693,41.24813599992194,True,12
894,2556.950460222,2556.981773507,19.935692000217387,31.31328500012387,True,12
895,2556.967218532,2557.007821267,22.497777999888058,40.60273499999312,True,12
897,2557.000752218,2557.032512215,21.472835000167834,31.759997000335716,True,12
898,2557.018321669,2557.056368547,20.526250000330037,38.046877999931894,True,12
900,2557.051094485,2557.080539292,19.939456999964023,29.444807000345463,True,12
901,2557.06904553,2557.105360817,20.579421000093134,36.315286999979435,True,12
903,2557.103995878,2557.129096257,20.31833799992455,25.100378999923123,True,12
904,2557.118396935,2557.157096807,24.278597999909834,38.69987200005198,True,12
906,2557.151917697,2557.181813413,20.54912499988859,29.8957159998281,True,12
907,2557.168933625,2557.206645664,20.157876000212127,37.712038999870856,True,12
909,2557.205240725,2557.231526478,21.44949000012275,26.285753000138357,True,12
910,2557.219413754,2557.256880795,21.833968999999342,37.46704100012721,True,12
912,2557.252888842,2557.28211463,21.80034799994246,29.22578799962139,True,12
913,2557.26947269,2557.306849514,20.585740000115038,37.37682400014819,True,12
915,2557.305370613,2557.330826438,20.525148000160698,25.45582499988086,True,12
916,2557.32043857,2557.356284476,21.535043999847403,35.84590599984949,True,12
918,2557.355258211,2557.38007583,19.961290000082954,24.817618999804836,True,12
919,2557.372184023,2557.404476211,20.8594720002111,32.292188000155875,True,12
920,2557.38879439,2557.429038696,20.615064000139682,40.24430600020423,True,12
922,2557.422886557,2557.454113743,21.446966999974393,31.227186000251095,True,12
923,2557.439549543,2557.477630674,20.14821100010522,38.081131000126334,True,12
925,2557.472596147,2557.502843507,21.68748800022513,30.247359999975743,True,12
926,2557.489294837,2557.527747776,20.04518600006122,38.45293899985336,True,12
928,2557.526430844,2557.551362284,20.326520000253367,24.931439999818394,True,12
929,2557.539578941,2557.57807821,21.901659999912226,38.49926900011269,True,12
931,2557.576682339,2557.601286777,19.88319300016883,24.604438000096707,True,12
932,2557.589887793,2557.625049113,19.936457999847335,35.161320000042906,True,12
934,2557.624732572,2557.649939652,20.23908899991511,25.207079999745474,True,12
935,2557.641033353,2557.673132165,19.82913100027872,32.09881200018572,True,12
936,2557.657761823,2557.69734294,20.544857999993837,39.58111700012523,True,12
938,2557.691438264,2557.721124049,20.167671000308474,29.68578499985597,True,12
939,2557.70810747,2557.746944217,22.40989600022658,38.836747000004834,True,12
941,2557.741514406,2557.770406697,20.20121099985772,28.89229099992008,True,12
942,2557.758296472,2557.79494177,20.742346000133693,36.645298000166804,True,12
944,2557.793739381,2557.819579308,21.383119999882183,25.8399270001064,True,12
945,2557.808712304,2557.844092769,20.213589999912074,35.38046499988923,True,12
947,2557.843460277,2557.867413961,19.84429899994211,23.953683999934583,True,12
948,2557.860231998,2557.892445276,21.430697000141663,32.21327800019935,True,12
949,2557.876928405,2557.915839613,19.906367000203318,38.91120800017234,True,12
951,2557.910657444,2557.939986793,20.943929000168282,29.32934899990869,True,12
952,2557.927383846,2557.963393058,19.69960699989315,36.00921199995355,True,12
954,2557.962821047,2557.987001342,20.0282559999323,24.180294999951002,True,12
955,2557.979670574,2558.011289629,20.790454000234604,31.61905500019202,True,12
956,2557.996425179,2558.035616485,20.675079000284313,39.19130599979326,True,12
958,2558.029870743,2558.058860435,19.65552999990905,28.989691999868228,True,12
959,2558.04664686,2558.082812131,19.866708000336075,36.16527100029998,True,12
961,2558.082019833,2558.106783406,20.184455999697093,24.763573000200267,True,12
962,2558.098764288,2558.133044517,22.272677999808366,34.280229000160034,True,12
964,2558.132358084,2558.156601409,19.74671700008912,24.243325000043114,True,12
965,2558.149146489,2558.182939456,22.76291599991964,33.79296699995393,True,12
967,2558.182639484,2558.208492061,21.5647939999144,25.852577000023302,True,12
968,2558.199438956,2558.234820914,22.416174999762006,35.38195800001631,True,12
970,2558.234149318,2558.259099592,21.010558999932982,24.950273999820638,True,12
971,2558.25087547,2558.283850881,21.097289000408637,32.97541099982482,True,12
972,2558.267573639,2558.308160716,20.449175000067044,40.587077000054705,True,12
974,2558.30122973,2558.333535794,20.190806000300654,32.30606399984026,True,12
975,2558.317910148,2558.357342471,20.181793000119796,39.43232299980082,True,12
977,2558.35148133,2558.381851055,20.649595999657322,30.3697250001278,True,12
978,2558.368296355,2558.407569129,20.76689300020007,39.272773999982746,True,12
980,2558.405792069,2558.432706759,21.151201000066067,26.914690000012342,True,12
981,2558.422637715,2558.456752867,20.11150699991049,34.11515200014037,True,12
983,2558.456073694,2558.480950192,20.53858899989791,24.876497999684943,True,12
984,2558.47291576,2558.506756719,22.1539499998471,33.84095899991735,True,12
986,2558.506438269,2558.531164591,21.144572000139306,24.72632200033331,True,12
987,2558.52313737,2558.554676986,19.739085999844974,31.53961599991817,True,12
988,2558.539830532,2558.579024828,20.799521999833814,39.194296000005124,True,12
990,2558.573436517,2558.602391513,19.698546000199713,28.954995999811217,True,12
991,2558.590150241,2558.628919691,23.213959999793587,38.76945000001797,True,12
993,2558.623777457,2558.652460939,20.301311999901372,28.68348199990578,True,12
994,2558.640596699,2558.680341307,24.465229000270483,39.74460800009183,True,12
996,2558.673997004,2558.703928855,20.2297539999563,29.931851000128518,True,12
997,2558.69080584,2558.728214262,20.881485999780125,37.40842200022598,True,12
999,2558.724440809,2558.753929122,22.19078600001012,29.488313000001654,True,12
1000,2558.74100071,2558.778252667,21.058822000213695,37.25195699962569,True,12
1002,2558.774575418,2558.804331819,22.781690000101662,29.756400999758625,True,12
1003,2558.791345065,2558.83168942,23.85812500006068,40.34435500034306,True,12
1005,2558.824892441,2558.857301615,22.416786000121647,32.40917399989485,True,12
1006,2558.841565083,2558.882641621,21.943194000414223,41.07653799974287,True,12
1008,2558.875169115,2558.907137044,20.976758999950107,31.967929000074946,True,12
1009,2558.892742792,2558.931045465,20.26234300001306,38.30267300008927,True,12
1011,2558.92591883,2558.954600293,20.352069000182382,28.681463000339136,True,12
1012,2558.9426238,2558.978986433,20.58655099972384,36.36263299995335,True,12
1014,2558.978456185,2559.004347985,22.024090000286378,25.891799999953946,True,12
1015,2558.995239853,2559.028188564,20.10727000015322,32.94871100024466,True,12
1016,2559.011968188,2559.052514372,20.64080299987836,40.546184000049834,True,12
1018,2559.045617929,2559.076920882,20.713623000119696,31.302953000249545,True,12
1019,2559.062228206,2559.100964126,20.643908000238298,38.73591999990822,True,12
1021,2559.095775783,2559.125979422,21.453425999879983,30.20363899986478,True,12
1022,2559.112567052,2559.150632709,21.289333999902738,38.06565700006104,True,12
1024,2559.146353428,2559.177030817,22.85566699993069,30.67738899972028,True,12
1025,2559.163512642,2559.201129944,20.562544999847887,37.617301999944175,True,12
1027,2559.196885606,2559.225536755,21.079072000247834,28.65114900032495,True,12
